Num_Employees,Avg_Support_Time,Customer_Interval,Avg_Wait_Time
2,21.00043020890668,3.4752638653220735,156.34661870496896
9,23.916349128064013,6.8693040459866985,0.0
6,57.56948561298863,2.0380757666628484,152.26702634166887
8,56.34017510495215,3.6761781926564865,85.65412353928834
5,38.27343250671146,3.7190950348448224,90.21784374653073
6,44.3318969453376,1.5911400998810252,182.60989595958924
8,55.78549979820213,4.479802914346229,46.19831862065498
4,33.6077027340711,2.2930182204637113,164.72518655499897
9,56.51187553132417,7.8161547097389334,0.0
4,32.070577405768134,2.289343907469958,159.66233704309423
6,37.60891685925013,4.87554598852455,27.808774509518475
6,41.68173516470519,7.8110761819369685,14.066830329127065
2,59.52619637857088,4.800825403975539,193.87991645214805
6,26.292399244045043,7.959960579321862,4.590208634100811
1,47.08733507956288,3.341501134491015,127.55791435103863
8,45.96721062579256,2.5678240385997757,134.24784293791612
5,48.50961952418817,7.384313768034151,43.45735367406329
8,35.33265680213843,1.3395278662744419,130.06047457028123
2,21.67092561871702,6.154467354490563,106.06654842689957
6,39.47446250696702,5.338990807418134,49.743594392974074
2,52.117689702894296,9.610384146267476,151.98538351843018
5,39.632214064261866,9.85955214409799,11.729182562051896
2,57.47174646815389,5.25867216986346,149.24659179199887
2,40.845564802291356,9.839042662650527,182.98213499690152
6,24.418565361576164,5.708804852739119,1.6374731080015203
5,20.549331707737256,7.244157025505058,0.6329825278577679
6,23.179017212433003,8.018436247776597,1.0638743539531874
1,46.6798617178478,8.542129922133455,105.64590039828535
5,32.0113597830205,5.9499423944601,26.308967679163608
5,41.30982263713325,4.607348273059902,57.3507133487545
10,21.09192350113858,5.36284169362926,0.0
1,21.481707197214696,1.5044900777896295,204.90143706977688
8,33.54737719570011,2.010840606575941,79.2332391983557
5,21.901254444515782,9.966049240244077,0.04979743876440923
6,39.00887123217321,4.309653598012687,70.07303033631065
2,53.833534037996515,8.801913703475023,148.38943233492952
9,27.994850423819727,5.0089817342811624,0.08347177665761786
4,24.8275213128273,3.016860748658237,91.0767816335572
4,58.20673305353643,5.876508960065991,121.35210028105949
4,44.41781237865098,9.616754563290693,24.658431133054712
8,39.82298861785884,5.655312223964896,12.399227432281608
2,51.38660891970017,8.118974976029394,78.74741813325561
8,33.626382884953884,1.7728827060585726,119.18568643676086
3,27.920821156046166,2.6378589833045276,214.9831485518185
7,22.87292883629931,7.540791403855076,0.06297560621305008
5,46.36630312624645,5.004282588203962,87.8496783436154
9,47.36312407529164,1.3812038337168233,157.81132171857854
1,31.47076282240947,2.4029860238731438,205.874087131618
10,27.942399107756827,7.5045131445799935,0.0
3,57.94801215005059,2.8338631901092066,185.377862751979
5,23.001687009253242,3.9639607682175506,57.42800888545863
5,25.705770252917482,7.597478209216495,2.788473662627749
6,58.51186100819812,5.211163967414331,88.75627845572254
1,33.83382290037156,1.6368678625611217,211.5064537202396
10,46.63610611502533,6.449910978544581,0.0
4,20.12790841886961,1.605351406456681,125.25268721503079
3,21.469243749876355,8.512517729900829,6.524528932894194
10,21.075850791243923,8.970293160354352,0.0
9,54.169745979822714,3.193771624925093,69.18324161224857
9,36.23378529458473,6.566139922291309,0.748544774717027
5,34.831645233925144,3.7560914904139895,94.23695062054325
2,23.714072695149117,2.5758710545326013,137.74724429204826
1,22.99481935838736,7.375069528831664,191.2092040203365
10,35.032893600054926,5.6707010703797724,0.0
6,52.137043417014276,3.3720160639422554,112.86879167585974
7,50.27693883966837,6.788786558869397,0.670436259830331
3,25.734538002944987,9.677588841751083,17.966833470517717
10,41.223524431978944,6.652770577991375,0.04134750128719546
6,51.44526531247439,1.9524946400008094,171.91623245976606
4,50.39037125414818,7.621322748999724,90.89566423307507
4,48.6227729464938,7.6827336879495585,55.744007666361384
2,22.680873946378796,5.0733942505651255,132.05012420585626
2,42.6462963714399,3.2236103910391662,165.3292804878188
10,50.02776723508913,1.2072393065048863,153.56313126754205
7,42.430188574111824,3.957286459171253,63.59743628646183
4,39.70611230956428,3.1412053148027126,144.01254203656717
9,46.420664956359154,2.9402882723701214,101.92860220864704
1,55.29125083120408,7.121086775685219,151.59925015185203
4,59.356795109657085,8.48252383898234,89.07514084205897
1,36.312764174407086,7.297098280538961,144.26106262819167
7,56.2935608283382,4.503576588358317,110.6458368173676
7,36.11125578902522,9.343948773668775,0.7771645205092886
3,32.80465111616756,6.1912384686275,123.25471363638066
5,58.10922409492883,2.347178483561674,142.5901434932368
1,41.919179018867155,2.5593969623663564,171.29210539349475
1,52.243869874318804,7.630147554969558,137.10522340275034
5,43.42258400796412,5.894901885945008,73.13129777767651
8,58.90076622570991,4.364193543337364,34.10159881695842
5,57.21239164671993,4.430461750216726,109.34706392392603
7,30.17858722969981,6.875391276976802,0.008658503742105845
2,30.969634008331795,5.044727251896363,176.43819784887955
9,29.36319367287624,4.901041306721199,1.8654717613855578
6,37.51401581049966,5.7161612203379555,40.21394972499364
10,33.618704422267655,1.4113414529868498,113.19196315481287
9,31.234052872161758,2.4077657303365863,31.817955482161725
4,35.426276889600274,4.1280285927629,91.28529176998232
5,35.25716386832691,6.243100305150223,63.152469411883686
2,38.176584200578255,1.4453537744774274,201.8631865376893
1,26.561055898210878,2.2558689314917872,185.58528682911097
2,21.92896858819305,6.360196404061707,84.07625557701333
8,32.29495082330736,6.816864772105634,0.18845783259669047
6,41.50550298351544,9.034809865676392,1.7000306493338442
4,27.333289735751173,4.358748769038598,82.62130463480719
3,54.64879692034269,4.233516552477787,170.4080829681582
7,20.941265241438778,1.7672774132347207,108.09144100217131
1,28.66052123835761,5.380083820689108,224.90779775006595
9,20.556566743747993,9.971955357593929,0.0
3,20.262421654881383,2.5099544093169763,121.07968798354835
2,35.56357632546605,3.484196067596627,171.95516766886678
1,49.67563952321846,3.834213474313763,184.06626410814863
4,21.243513081424673,6.661934858968787,23.409221075628082
3,43.51950821721945,7.635132561838792,77.18807887178285
3,55.173870028350905,1.7665755693966338,197.85314580069226
5,57.02915469687512,3.026161511422339,135.10022803139123
1,53.67429433046178,4.867299336743788,119.96923484105557
6,36.03256204901556,5.207847675147209,35.83822473005517
6,58.22670040983531,2.023109092613713,173.96788939988804
4,29.065565817073086,3.7007731259929537,101.13724273471813
5,28.245217079608768,1.7587695935454388,128.97483028121198
10,28.52507053904319,4.92525829589316,0.5816603390997346
2,20.94918545930235,3.700917429632991,128.04380426169118
10,52.4758186633939,2.2836385968487,105.34183378992743
2,30.97761854977953,6.811536050998966,73.23032396676189
8,25.002465810180034,7.498542760173462,0.013679850248771212
5,20.104548942863254,8.297596039693381,0.042430379419796875
6,45.905552813047656,7.81721298811033,7.544315418070496
10,33.785181984077354,9.959172298240833,0.17416960086344566
3,53.78145366075919,6.3126144024177675,107.10229891865575
10,43.908515374668575,9.548383397339157,0.0
5,32.71184088323069,1.0931705406291823,194.10162134145736
9,52.2784261767456,9.898265781692851,3.7956165807126663
9,43.513095130866354,9.095577984900755,0.0
7,55.60768757340457,4.493117594756386,110.3509263457826
7,36.544791850475605,9.331040567186301,0.016234808306422814
6,44.55645517975974,3.7277125341653377,97.62073470730016
9,36.16048419913426,6.641105426538622,1.2077144328526788
7,39.38222940438749,3.4059113739621254,76.33343022215655
5,59.02322698071197,3.0403988725686024,147.91889145972482
10,29.276200592215886,7.9543235074199155,0.0
8,36.54226208685491,2.056303068598177,89.71473086230841
5,28.91201850602839,5.666746421150423,16.897022850057304
5,57.8521327200201,4.53943237476003,116.11711780150438
7,35.15672669615006,5.635919448055026,33.045743192164245
5,22.535621514565463,1.407398328065872,170.9458213380529
8,26.731953953573058,4.712106746488794,0.6097818953574589
6,49.84608109902324,7.087259626286444,34.9096858469764
9,54.43121123754071,5.608916219838531,28.275664212257446
6,21.186548899888827,7.6144862446709745,0.0
10,42.38639185552313,5.418959987297976,0.0233622884728824
8,34.57897541060064,6.619332679472883,0.24664886235158928
5,38.819214693231224,7.147800708550685,17.626313832319912
9,47.941140238742896,5.423884577309914,5.7414594894929545
1,31.88079892513442,9.688133876821675,209.89202271450992
7,34.63257301096705,4.883440590951236,39.80104191595491
4,30.89723347207468,8.191116983975988,33.54947864666856
5,40.690426358797424,7.642488444719257,10.906878654028173
7,26.90882140710083,5.3831276323763495,6.907769202893317
1,37.88071901996229,8.296683499319151,165.91791205534312
5,51.022379923044994,1.3530015542504708,178.7057234629316
1,39.61582807255061,9.206005292519572,104.94715365343887
4,54.992063844069,6.531230364693748,117.24877300692036
10,56.265464131332685,2.2127561769990853,115.36030336777985
7,42.79680853071801,6.960317148599113,12.865137858839443
4,41.21262301846759,9.299237692660473,45.991317541808556
5,52.7705912540458,6.697119186712053,60.26995981216367
10,45.35390271822591,2.8196613242128987,73.11090330084357
10,38.7974866079375,1.3468373205754287,137.40314993592685
7,28.123308647856998,3.143044233758886,60.60986229228003
2,56.58513221905801,7.023855967159666,126.46136190095523
1,56.48130511577985,9.65361812793438,154.30777308548804
2,33.149566920039305,4.879850255472821,131.29862276028544
5,22.07235961298379,5.851726027631759,10.67105214291421
3,28.6591728428903,8.429828173703944,33.553151266607685
6,36.93052910417931,8.745626531241422,0.3439934651382906
8,38.719363718790895,9.70917360879495,0.27563918839567436
1,31.300395385942792,5.746567369184701,133.422630528804
9,22.238538769979606,2.8562877218503906,3.387622305573287
5,56.266597629000564,2.316129125315024,181.41640575733925
9,40.051169838801194,9.964613089653264,0.0
4,35.733374596151,8.967927859396006,10.915191353579893
2,20.96194055893978,6.577621326656801,139.9749727915392
8,55.388351777406214,3.5531766162990404,66.96993406162943
7,52.00008275707888,3.065931305326439,133.4050672819882
9,24.818813376888407,1.5619673075171248,101.47433932366735
4,47.66174301731252,1.3696016489095881,227.73537537234017
6,26.39894300679039,7.509051035303915,1.1734482010258511
9,39.80616979189628,9.702286349011818,0.0
4,51.243986174162394,8.48303332766653,49.51424094658074
2,52.654879248328704,4.287702877331604,126.58531894381854
4,23.42152782120671,7.89240337187351,1.7619765536610879
4,53.934799679431606,2.327512004841853,167.81209598076782
9,56.15753467348763,7.563710296340397,2.181984272925775
6,59.671512626367594,5.008198988399477,91.40676855867154
7,56.539506040000504,5.197256423170472,68.56625299850366
6,58.287847233287295,5.663918960734632,68.90124844972246
6,35.235619429714895,2.7653007701040746,116.93814486955631
5,52.64449105151722,2.7853741994599064,127.0467607411826
4,34.27257983402143,2.293476290170182,159.38704335981646
7,34.22769610515724,5.037751754009301,13.590372023439096
1,49.18524772967882,3.338649043535393,220.5636901870308
3,35.65166389588933,2.849698430014233,197.46568886494484
5,39.572115472214186,8.950014906454477,15.748007248435647
8,31.50194110904733,6.978633520820188,0.0
3,29.152980730632493,8.586629409805113,48.585740320306584
6,21.30037206380457,4.150905760734034,8.330399904319759
6,40.61780824849834,7.626889982722404,14.240408158206726
7,45.83954468322233,8.190031363395091,0.991712485540973
3,30.87424932173674,7.712921523642838,32.61110705901548
3,58.77053271686723,9.964198541378481,77.59294836666409
3,49.41524323266816,6.806026174445646,100.98226313659137
10,58.08202158950918,9.85477356530721,0.6895338770534841
8,22.30147293043309,1.4168935158483298,112.01037381745587
6,47.71934806378229,6.365625357438317,67.40442026891154
6,41.567445807798705,9.261439779612854,4.3075445269451516
9,26.545634102312626,7.455427328626814,0.0
2,46.9242281747654,8.93443395129091,70.07031038115088
1,21.287662862669407,6.1507518141018815,171.54622795708292
4,37.63716447480495,9.321488258645068,23.736249985196892
8,31.47937913999651,8.582897701420015,0.15756213296190533
10,20.0027963372884,5.416667903841095,0.052077586837119716
4,27.24598854643233,4.266071138363702,98.19241273368414
5,47.7606618957344,5.362692792427769,86.87217961722563
4,52.63843727200735,1.3226926060098456,200.71718777756263
4,31.48971083017316,2.6959799610087565,152.23267284641634
4,39.02509383599082,8.508716519885718,59.77531381389181
8,46.785532161061504,7.790287181948551,5.589824925034506
9,25.529889278730064,8.564095402449738,0.0
1,57.538127064074,2.2817221261412137,254.3854020772992
9,39.86040033189547,1.1358322868097002,147.71152860486808
9,27.0584206691997,9.255789182061037,0.0
6,43.184575600549536,1.2315210850696752,193.60682073411195
9,34.634234620200644,3.3691420299708406,53.17709881072
1,43.17223091095916,7.701232227770276,199.7699216333811
4,39.13822444414966,4.1070699940935835,70.20484001409612
3,40.653921818967824,5.0271791794790515,148.28867488785576
5,32.46517533063443,1.7004895006518668,166.7300778578304
2,43.818653338507694,3.7591658847843012,171.98678410883778
7,37.006479625520505,8.804200865127282,0.7407224925579072
5,43.17295151614036,7.016730431077844,58.776439451512566
10,25.202109985925357,1.7380162986159164,57.54890498764586
5,45.28529116714266,3.5118408683071958,95.36739936024871
1,46.11661832036708,2.549118177468757,191.75923452857256
5,20.77651936560002,2.870702669621416,52.20827793584849
4,24.635446053907263,2.8911115254247215,137.0902876230919
6,37.98925596718455,8.94477011150253,3.8700741294029095
1,39.75482039530064,6.465244105734922,231.39365914028758
9,21.884386177407997,7.989890088846067,0.0
6,44.017236451924035,3.452967528345199,108.7543873952565
4,56.86937282902717,5.68500228998786,97.34698529697647
1,48.663129569161654,8.666289372321202,177.58217970975116
5,27.81866019594279,3.5541296830366793,83.65372808857565
10,44.11928456143178,2.6661608095678178,116.8910055472831
8,42.18557805147096,5.4909817368401335,34.048788356537244
5,28.83839399073437,1.3194298464974057,176.8446234365005
4,30.54486449477658,8.481054110716679,9.488494306985729
4,57.930204609899704,7.8573241341007,100.96965238911358
3,31.18668857336096,9.79353841466201,7.867186110322005
3,26.85051311453683,4.946986676728641,57.02438078606989
10,48.98796926464703,1.5176225891012192,174.2259956882591
7,28.793278484828882,9.380447322309408,0.3294593929206799
5,59.7492376198153,4.156328409387289,111.87989788032054
9,39.72051303280513,8.074235766321056,0.17869232584060407
8,37.48159904445434,8.003752473404806,0.04701497017127186
10,54.912058373918455,7.485035215018262,0.24726042478108456
5,47.65682267200673,2.0574866028195413,160.91000368591634
7,29.30574897906627,3.1647385772572902,48.46519500981117
1,46.90293840746105,8.351769672392383,161.35328730732544
8,40.66379635361828,6.325489904289299,4.119959797125468
9,49.126492749232895,8.987580391618579,0.0
6,42.6669088712118,6.526743335523039,37.54182795964989
2,25.729552846666603,1.3425463336335226,199.72351269303897
6,40.10650617801319,3.737989991712317,80.01794258832166
5,57.05292568773842,7.60002343966044,14.276542592125733
2,48.130446505500544,7.790300041001978,207.7561443585656
9,35.9846649565619,1.1716855204890786,163.16986061484332
2,41.00922446379663,8.809414614589,95.98955258009237
10,20.713514080735315,8.605529126528342,0.0
1,51.233944729913574,1.8450228117472385,164.11156162728952
3,28.46246860425446,6.4097174790826985,56.26830536564976
1,52.80440950355615,9.24412405011588,181.78313192170828
10,31.405654489534555,4.306493365196084,1.6855015452106643
5,34.01621825414328,6.239519588315496,65.72812699324099
3,56.34292250129752,6.918653160997668,86.41341308826156
5,47.66610461618061,8.105580757926688,10.839338479147406
5,53.01472731652362,6.279443573790215,111.08336229374162
5,25.026703437359338,1.051671796510508,163.54625839929867
7,25.19032134477723,8.877655269488264,0.08525449110862837
6,59.05926332959839,4.204340529318978,82.71054360903855
8,20.142453598666336,9.376689800592462,0.0
5,42.62056912578122,5.106326223388341,20.072685228703495
5,46.66840243357331,3.926854199153326,125.07406530887798
9,38.969160335593784,7.366779944918404,0.0
4,37.757600252177355,7.6977113602478795,98.29585433357995
5,30.014868423780975,4.053607338915655,70.72739495560681
6,33.45051360219064,7.981630980690712,7.590335555191829
8,20.223022934879182,3.2590767168711907,5.969817099692472
2,49.672144467841065,2.2777520302520458,166.3589640993241
9,43.10016829428318,3.6103291964173243,35.66096238622577
10,31.543246692887237,6.764413703189502,0.0
4,23.41568496344779,6.241022594925476,22.050197517882474
1,42.36110401910233,5.2498138584145995,207.6527761222622
7,54.410911100244036,6.305294878458281,88.01165832879272
8,24.374710480337743,8.112453934329633,0.0
8,21.097818100625293,8.511391211449478,0.0
1,54.90651151374636,3.9878746042329607,192.72869667906343
10,23.466235191773556,7.384865269342875,0.0
9,47.69662889506238,8.258480040124581,0.12774533129437535
8,26.994247768339058,6.857224126965933,0.0
9,52.298097797956686,8.23379494102615,0.709159838764496
3,34.51162151886874,8.274244785090895,70.38696845390005
8,49.62942197903,8.04250950821357,16.950932165310125
5,31.93319234585179,1.8742725414334207,148.77419588462683
1,29.620232122187335,3.912844568455606,154.48521316421056
2,26.278763651987234,6.731308701890481,133.81987600212318
6,37.156998606844496,4.674175130192793,51.842673320051105
3,23.13076982933707,3.042927334697996,105.56368510604939
8,56.105506511271656,7.766056569046016,5.909287313259004
6,45.96522534799476,2.074600581354348,148.5759534144288
2,53.62208925348518,3.510462180325476,189.18431209017666
5,59.87765428385547,1.8688601973841057,146.63416092788935
7,52.87735698481495,1.1890382130108939,203.38430151588943
4,42.41461275664297,8.658933403034633,33.4750460301311
4,20.86202998893489,1.9549483236020935,150.23167479277868
4,36.58838502747885,9.466656621561924,25.85955733764289
10,48.22118677353143,8.330199355977504,3.918909284937698
2,58.937147695019064,3.181151462875831,164.22160567661507
5,49.796952459486505,6.310586732621706,56.323068836304905
9,35.341889089073604,4.519803241953857,2.378317540793854
2,53.00682486625834,6.093777300068359,106.10423695566668
4,43.562816704002124,1.486671680775032,167.63154172171673
3,35.81117614135937,8.218766453667902,60.88140882789064
9,35.36532458363721,2.047902243377539,82.29434537964073
4,36.27192539355335,5.674169493930282,73.1987189939842
2,56.33389388146615,8.411993944400876,189.6223976844925
4,34.24808436946792,6.422461334098173,39.805267194202756
6,42.966155642671616,9.654086103499052,0.8987427834576351
3,40.11516477978638,8.49743186210532,91.82431412652296
2,37.45036057079872,5.6121100654437175,145.30985467881888
5,36.42356682256448,9.776903694665576,0.06179208460691215
7,45.48400866903992,2.8462972212659783,90.0059466470965
10,47.66208006504761,6.669196617316395,8.972725367444042
6,22.872387905109086,4.462770326221367,6.974831334763537
10,51.419843741635745,7.4271944555153455,11.357780458829067
6,24.933214716008894,6.5893544346380235,0.6232841314710651
1,23.046492832069795,3.344438889340526,145.37304117712682
3,54.52731890203147,4.7304654764261915,156.6316135091261
1,28.14390405883718,3.3211175400653223,247.48538634568195
4,56.672483272737956,3.2294442901925136,112.33381434376194
8,36.783170145569,4.208152446975227,7.770775869339676
3,38.815511454069856,5.665221022558879,87.85192336907399
4,22.096119370594735,3.6774220313489603,94.16206348218601
1,43.457331841152055,2.771533119156305,151.6673274625536
4,29.08919672727171,6.572926498062371,8.299345778668268
5,43.684888514419384,6.276380546885452,59.41906351622824
2,55.26763747362835,2.542617071153651,119.75292704917959
6,48.50160449420159,8.857525599684376,2.8846244457596906
8,29.93752849000495,2.317674687424173,95.88201450571395
9,20.95234487204914,1.4628804994232676,85.92220236446525
4,41.93225608263312,1.7956320086050848,167.59612061422246
7,47.07092060043481,2.703512057178773,133.71825732442173
2,31.87652356377802,9.453199408208196,90.86228677826642
8,56.37891921723807,4.746799720971188,69.27165273064404
9,39.520764475824464,8.42426874807241,0.46816373697436753
6,35.713573275208546,2.9070912506748883,94.08964702289367
10,36.34651964354926,7.669248130916603,0.0
7,45.42156954540698,4.042709550447768,47.33938487327274
9,38.86214349354074,2.707292278725773,98.86334851342515
1,53.87426166655837,3.691015744169892,263.82647389476386
2,43.36680766385831,4.210630996740218,185.86948223461937
10,40.804904468341526,9.984804208838261,0.0
10,22.24609978134515,5.753293926439995,0.0
5,41.926124792779255,8.865057758576015,3.8035908843133135
9,38.68961371740326,2.3946098440578556,59.72981795693861
2,24.676786835145272,4.369625559142718,156.12264222032266
1,57.48478734065961,8.911894443287775,185.83295966859302
4,20.218560857822652,5.278507182848079,8.095711254526561
8,47.14129464926688,7.275120428718299,2.200183694087557
6,52.645356182430525,1.1424944998905164,193.49979161171913
7,31.990899092822605,4.658847497686489,52.78165899706359
8,31.620495969250612,2.339513711030741,124.42500784674507
10,57.8978900829841,2.4793413608715835,164.64650324965965
2,30.532175430920265,9.209566840892906,131.32161464282063
8,44.0882900317352,8.30160635513985,0.03410453819681482
7,41.393372668707606,7.898896735728638,7.194295513828061
9,41.03768975428894,4.303189489512029,10.078960701417824
1,47.46621587758101,4.80779326151677,172.9488205141505
10,47.42728137565105,8.901134564604124,1.4840744238179526
5,30.35485784788227,1.1531342097375805,169.92713072765002
7,48.86960472843145,9.970546033933097,3.6377703896572324
3,52.66687188671766,1.0789786305959885,216.94695834549378
7,45.671297338588154,9.672420914291568,0.0030038021034689186
9,47.99070920593962,3.6739577863720707,77.05254713748695
10,29.134090767936055,7.8015211921003855,0.031038054117278214
5,28.8423893055041,2.869125333621512,107.84572159414361
5,51.44506150409852,5.419950328065683,142.9299120661501
7,21.297466132356817,3.8503970263561924,1.3973264046953504
4,56.830454216035015,1.2210299899707708,193.3190813991187
5,58.17737761329434,9.686932579730975,73.20813004410503
9,25.763037252692563,3.2946382325770727,13.258317470682616
2,57.18896304059533,1.2310300692178013,167.13774938160932
7,31.001050034873003,7.093577100470409,0.08910168121091644
2,33.88357393718,3.5485154342895324,173.55206560829365
8,23.885673940295327,5.441466366737587,0.29680881923695046
2,39.92688747651927,5.186617546692997,98.39399093072643
8,59.88520972927787,1.0550881660289682,175.69765249063255
10,49.19974583363858,7.663244627504014,0.1552755339521862
5,32.2538294243364,3.068212080550344,95.06165526044705
10,55.13067199753438,6.936818946222796,0.0
8,32.30234640481453,1.3940266037070437,120.6704906343163
10,44.409954270850534,9.573882346938955,0.0
4,37.01377717479234,9.659577118119184,10.766153692025203
9,59.4631671541863,4.762470649522029,62.45884009347513
2,55.71330858376326,7.104021396972005,146.4921671051523
3,26.525913799336646,9.691136762732652,18.614556759034187
9,30.77571876993291,1.9849402293824607,65.93994335650832
2,28.618736077460134,3.0949177674922064,230.39418320465623
10,57.60676398875967,1.6654706601114506,151.02213390938763
1,49.82525524161582,5.608767354243447,113.44838673404072
4,39.28102275911503,4.664067948653671,61.95192247932699
2,58.18270841454117,9.976952743894401,143.20131262569362
3,26.331209396680734,6.5908451300683115,67.32113652895207
7,58.595950741434024,9.275557581791347,16.082741120114108
3,56.17817562561473,4.175618305382427,199.909125885536
9,21.51982017245057,9.868961554737377,0.0
5,26.056465917873062,3.8310976715482625,41.17709980126127
2,46.73871400707658,7.872112322308743,100.09050179728199
8,35.85415100068528,6.332747943578128,1.8189306314273757
4,43.073189465368394,2.2785426330037537,146.17951078986724
6,56.121686483726585,3.3112927323895525,87.17487449714402
5,49.665189550191904,6.711121291109608,70.25314383757248
2,59.4779934757028,5.459132847127768,131.69957354255612
2,25.771195465622597,7.076937061916157,105.74967134945587
1,57.08743986043815,7.923740617487999,130.18821650479225
10,36.70323087863334,4.005426387349812,2.907716022252644
9,45.78099478531804,3.8744107819188964,31.83321597160709
6,50.2626009888872,8.932108067612738,3.466782368630805
5,54.1754676158406,7.556993569052633,67.7595994040842
9,51.82649316691096,9.597107433373825,0.0
6,23.444916502013502,9.462499019689352,0.0
7,40.41536197110475,6.640256392350775,6.860530507694142
10,42.80750102714555,5.4695945923560885,0.9491938209536589
10,58.750286194807884,2.5527691773499295,83.25486532866928
10,38.59762925181613,7.0125476727306975,0.007606180443734791
10,20.21603896233958,4.106812159990239,0.0
4,52.56186681885309,1.6839153614747802,170.7811706476652
7,39.0274598872648,1.3609041274453937,169.00909299462487
6,22.385243906959,6.048524164110402,2.9543629810894916
3,28.431356840810228,4.279173400428016,153.45062686291325
1,50.19741168679211,4.552768872361243,164.67934152273236
7,53.596071960574925,1.948104713497957,121.26622577914306
8,49.37153266299234,8.760994440334478,0.15233664341196043
2,21.907373094088506,4.652247719128102,108.982405380739
6,49.679098098625595,6.633425803805483,20.62842871068205
2,27.613237299020312,4.315160863067749,156.94904414010566
2,52.483947774353425,3.2469601771190866,172.00265043946746
4,28.711484156109112,6.956701349682466,8.696822223528457
2,26.965237250018802,7.098399132102931,105.06254342326
9,22.002031140773465,4.449253330387251,0.0910772630052225
8,55.47177150911981,1.2323680718389856,142.34719713906276
9,32.96191072344877,2.3005905741701858,54.79996397024727
6,39.852186252983586,9.348549411869186,3.8259970987564254
9,25.457461823321847,6.903274702122774,0.0
2,57.866301234211534,1.7670274783097644,225.32569592796958
1,40.281715891841884,4.240579722055507,196.10804313649402
9,36.98100289283458,4.421283423000369,0.13801318514896144
2,30.231969256633242,4.755526558713207,153.51359884616403
5,21.390934932459622,8.561099869915676,0.0
6,21.860147156109168,6.1711785872850795,3.146543456417909
5,27.066309369194876,1.5832991684977764,132.43614158896875
2,58.47487784584168,5.405136925901045,164.03504694396506
7,30.682945763804863,1.6925363352501002,119.07078323176484
6,21.793744393725746,4.38428128459533,5.690812555260266
10,47.944812015365,3.987695787918694,24.024501610016845
7,53.81094906130897,9.815355678127704,7.9080525222602835
5,44.03596966225136,2.6639759644014736,142.3160383068214
3,28.593288776202325,3.6221201996714183,114.55533016815859
9,56.026280883541105,3.998328855820864,48.153569443972124
7,28.451818684138566,1.2603872093933555,187.04614349106626
2,25.015865132406987,2.976801335668384,134.70159673622376
10,30.848474952633516,2.5158651758308768,45.48438295466912
3,36.37761095558178,3.5038988702984724,120.8235001831513
7,58.639809704424025,9.987503791204263,13.634355320808806
2,54.28586285242817,5.349349686080712,179.47906696039968
1,33.66165800759133,8.425443479999755,190.8076454992681
10,20.20962363674014,4.618589867231499,0.0
7,35.34120360941957,5.100180546986328,19.789565915472284
1,54.151806291781114,7.603203745331885,161.72694501940643
2,41.02629724690743,4.388528431751858,135.55618218858154
5,26.31239437016994,4.7633208956388735,49.26497009703036
6,40.545258940977206,3.4602431415766843,101.03522599587706
5,44.00800710334119,4.471206004225821,59.03389099306347
8,36.64709369958544,9.27616134185705,0.042476675296040226
9,45.939166475436764,6.273798517468413,9.274052587807605
8,39.174507018305064,5.693841195490337,17.8030910989751
9,54.08029459382197,5.539781024674214,37.501704377295304
10,42.352069203486074,2.8821584877539768,32.61617565523837
5,33.14264312048698,4.125441264940184,67.52143751566044
2,37.19098887591132,5.404280820592584,179.4321985584195
8,45.921180126476614,8.277251166676828,0.0
3,46.12683581686117,9.84897211757597,33.28376701503718
3,59.721236268683946,5.141651882981839,164.49689961308403
6,39.573283498104686,9.340215764239307,0.1848099098198132
7,58.6462472810886,5.87779622445229,74.32284650225272
10,41.20824215557431,2.940629431054202,61.20758380800635
8,44.2596425898389,9.76649724094528,0.0
8,22.61936983638357,5.456557416655737,0.013737497773284346
4,29.04215593513066,5.383762598375462,104.85597305941451
5,29.325787941823044,4.918364184341182,13.688485071280823
9,34.20460210742233,6.522435741471478,0.3493231668082534
7,51.744261592366385,8.441852780055259,1.1213310090722126
8,44.48979110569342,9.877532591778893,3.8486274711101784
3,25.448515361784906,8.859614348601056,4.3311021076168705
8,38.46490396441702,3.111938202187687,76.03318265484751
1,27.253799827065546,2.272225583304847,174.6539372582016
10,59.30313171463797,8.858037149901316,0.7849436327588465
10,28.84627551993159,8.510432607203018,0.0
3,39.63067406261399,6.254842246842811,97.27909372280087
4,20.062833066368032,9.9658392525186,0.0350920314541763
10,22.875955061541546,4.572950782223016,0.0
3,25.21464381399373,1.3099926065614351,202.31166226851022
3,47.53781073299023,3.061726704920745,155.37893490753328
6,37.2796095528016,4.283552677350004,94.66121645568903
6,59.04276045656759,3.672263705109511,105.00944254862424
8,57.258474012428636,3.1414742172250234,116.10536043725241
1,58.124504247702305,2.4488106958903755,237.21115885440656
9,46.08978867319407,9.630551837328623,0.0
3,38.47143263448372,9.89381097392139,3.9241453544665306
5,24.27995155248942,1.5918064492631387,156.32937979447988
10,36.89755453501901,9.063254324659148,0.0
4,41.55211286336835,1.1882651123331331,209.11500837307582
5,42.49818973412795,4.353238686830549,87.36846209824877
1,44.43764894578078,4.794825884273616,185.62491039837596
9,50.53196721456068,5.767616478126312,12.941784545928835
6,20.949657708780585,5.644902394787357,0.051309048142092646
2,44.33736479182831,4.798784282485187,160.03041510994265
10,23.014945837575556,9.428943678119019,0.0
10,24.099505019919505,3.353420080853406,0.5212653775602742
7,28.624007170221613,4.637052408842335,2.093044190199363
9,59.93101556943963,6.556941208578271,18.88193731226706
9,40.83641285829934,9.153269860956087,0.0
10,21.37129874433114,3.0142120876370733,1.6901848879608425
1,53.71047138939633,9.544116457061865,132.4578708293814
5,26.757090480613186,1.8028996930935008,125.61419992978122
9,36.22123370234687,5.460254660401399,7.286682900933122
4,53.4697577271449,3.2857935668545704,149.1156545611084
7,23.907174998866676,1.0699047136642712,171.1813843473337
5,31.461366802735306,9.616051379231525,0.48916740645101087
6,30.704365676477252,6.0858353150551,1.9757340371559762
10,27.24885462173053,9.58310203174459,0.0
7,58.077384000821475,8.274951866812366,6.233759569396219
3,47.28678525472324,2.661086758395191,167.9661448618
10,22.742730384685984,1.3181693559951926,97.99013742290829
10,54.56268593578733,3.9514895476944103,56.10599936899424
8,58.28252785607424,5.193851054922157,74.44740767644082
4,24.284890899939,1.3406352816249267,209.89705958685852
4,39.79144974931906,8.90618114301229,43.38077701282109
4,32.251925929845996,3.4290983682007816,110.50658495235027
3,43.99568735051198,1.4078416726115892,199.23583384940002
4,58.32613829254572,6.555416045250303,137.7938859712364
4,42.73952083218296,2.726783516551031,182.95297502021631
8,27.179885624910106,2.96405904791579,7.3821191897818315
8,32.15946068727685,9.419023552453162,0.0
1,58.22083962207549,3.003735731086361,222.36593098108145
3,24.776847165075164,5.6212791230341805,96.92277168565315
10,27.086807577090187,9.290873406817012,0.0
6,52.952902987826924,2.159577480132562,159.86923918722337
3,52.65353829051173,1.8377059461213836,175.5383724129659
1,35.34238950949464,8.233129572560484,176.93851016691295
6,43.569672440149404,1.9668286521207128,130.59774648829398
1,49.43191228676578,5.822655705558931,174.95645013956087
8,27.680965390821687,2.8617027162383453,16.074445294281084
9,28.751365505676148,9.904097080307594,0.0
7,36.51638661264492,6.48365198409109,3.1407284973647576
4,58.22751280691376,7.919174895857803,79.69889699202866
1,37.03990925126898,3.695528870024232,205.17873734976
4,35.53547419576013,7.236516908220316,24.59585819961815
2,38.73387074155734,8.167171591803674,125.52806828834625
6,42.79934091714034,8.527677768999892,3.566309734950397
9,24.489502509712246,1.9692624685247466,60.66301556233553
1,38.98577589355014,6.956093765569937,226.54174805966713
5,41.80881132806712,8.115759608140243,12.41497435568584
8,27.308927974648675,5.367948191018199,0.8125206932049686
1,55.57810900640622,8.019812477634304,104.45868839491389
8,22.961015858207308,1.3101951769450233,122.56259412988648
5,23.093322784315223,4.759183640093305,18.999930579849185
5,40.422550975575646,3.9467310120190278,160.65502257838162
5,45.94822571503672,6.483679190802653,69.26123835236312
8,58.1044537434901,6.869250325963015,19.07125289800446
4,29.141455363378125,9.339866269960346,6.283110158077349
6,33.35464842563823,8.969673084901586,1.7073086977730223
3,35.553457027172115,8.44709482172324,119.9175956093759
3,44.89635185885549,7.472292289099162,94.80076355986189
5,55.753965710383774,3.1835850758895723,167.04640281087842
10,21.13551648839791,2.9960755855305403,0.008653025487243513
1,47.46969511522375,1.8215579656560332,234.2595561280156
5,21.533369195547234,4.438023170730432,7.713655713850391
2,56.782647700681935,7.122922839737483,58.39894765996234
3,41.974351542415974,5.416120283861044,156.4128068470559
3,58.8443190288797,1.9792867401243162,185.23781695740632
9,30.49012471088895,7.110551449815262,0.0
3,24.40982006655436,4.323857106215339,132.48599659223632
3,43.30020886598567,7.625896206743089,79.70676114942403
6,50.96349892574165,5.133247730496272,70.91608840624433
4,42.462522275745044,3.2263477961903333,129.7054811042168
2,38.308822708684694,3.7553466905504287,131.44437239671424
10,24.38387650465218,1.081232815827196,133.5830069932331
2,30.97761285703488,4.0766260872376545,145.47725603715003
4,25.642308635334974,5.366099630019519,13.683528666565428
3,22.192030685287044,2.0139530250161117,176.68222489815034
5,55.71411323565786,3.0297447408562856,123.93790140989354
3,38.421910472409266,1.9777847698001465,154.4444654008538
9,35.62995048807803,3.093767594244497,34.62801257991657
9,37.70449452438611,9.561294716161303,0.0
2,41.577713760573744,7.97226112454664,79.08262318190077
8,44.9880161587284,1.6063035012428009,179.17396284253192
1,21.415190655675488,6.692841611889778,153.28685609311717
7,20.96533306034578,8.890071250762254,0.0998660142077204
1,48.55631998532591,2.791225092604937,254.81929941545263
10,38.31619845646536,5.473331126109818,0.045938226935246296
9,48.86136028522953,3.041338487818802,102.74619783663437
7,28.656006418475194,9.72694439742189,0.0
6,55.211126490007196,6.9361593460705775,115.14821747273243
8,53.84203959007849,3.1442330662535185,94.55471445323816
8,56.76355131216086,8.896573807522714,4.240739948324947
5,39.4120972599132,1.7713540504275906,172.36502515612813
9,28.93585804329224,9.32618471846682,0.0
2,49.21959114128097,3.795326918050253,222.50132911732607
8,53.02557497976027,7.544522245560816,25.38875459100742
8,28.781191373765118,1.8923684164598686,111.63802419601294
10,33.30427403348071,3.8349971960499984,7.1338328447024235
4,32.79106561528501,4.621475615296694,78.33368366749829
5,40.3938717855862,8.559512403289919,29.03916429151622
6,33.595531837705124,7.535492941888263,11.05607725012879
9,51.22368321258642,3.757934375635876,76.03812467226234
7,48.63635709868592,4.85176583367972,47.39839522247886
4,37.53686802087539,4.384124103449273,128.52135053107318
8,31.853847933290464,4.173910090936199,2.086590961945004
7,50.880464234603515,4.0067871414549465,70.3401522928864
5,26.914538647144614,9.500697139569985,0.4882955604733544
1,53.935351325136914,5.257005028587697,167.02949512118067
2,44.792173179132604,9.729487157023607,85.28506126592022
1,29.56866265751853,5.857289172242979,179.95756839689082
8,50.73031809707009,1.8517616331168232,159.91952608846213
2,33.83706099069791,4.877951712062961,196.2814655335761
5,43.077029284312346,5.39611303814551,122.78870821723415
8,58.19238944247304,1.8398473099998558,163.16829838878672
7,23.067359504835558,5.533529861014846,0.7905118021542106
3,29.152577620692686,7.018080131888437,54.07248136473058
3,52.96803543819476,8.317156884440411,76.34313596665042
9,48.0778427501488,6.228849162298308,32.27526337101025
7,36.447599833313944,3.2034597137306746,68.47080642059588
8,38.53503758115282,2.1878325129422693,127.80941374704298
8,51.85088841432861,4.922160020032755,53.10426450977757
6,59.280476314415814,6.78392198487799,65.90519492641847
3,52.9967597707194,2.7556276097190735,158.83630125983478
4,47.750458993651876,5.59374097062888,65.31618540572735
10,36.16408804491684,3.3360804731647486,12.030342562994733
1,45.20064357533745,1.2545909875079158,227.06173599970313
2,25.838612301854656,4.107713862769677,113.70508981843417
7,28.23512171446179,5.1280118875832486,31.42448023791635
2,32.57790956980914,3.231763169998583,167.5993255763228
3,56.04989555849818,9.35510489878317,68.87991213252613
5,50.760773067914585,9.906122406868922,11.892130410027773
10,21.728865257570085,4.3880196660633946,0.0
6,31.07264350962929,3.5389972924825996,40.88670145222485
8,49.42049238012507,2.9258647032859537,92.840921751687
1,40.31794618337888,9.485463398641816,161.3715000744261
8,50.322332732138776,9.627491846627425,0.37103821749288607
3,20.682216968398524,5.054461935827159,61.283836616688774
1,56.61708174062368,9.3374224455041,191.94864177103744
7,35.90870074902331,4.408916119130042,20.81442383233527
3,28.86508311145276,4.790735300905539,138.44586850687006
7,24.93593858970287,3.2837586232019538,21.300980066294517
4,40.68491329505504,2.4572198253369413,168.57322376841765
9,32.50704379669031,7.896957581593062,0.3184650172596214
9,47.776714810923266,9.773640964774298,0.024270880419522245
3,23.44684331834333,9.446648693753165,29.332733246392365
3,47.15389262077825,8.342183312589142,69.54769831291205
4,34.680897409082576,2.859617795703795,170.29150205768087
5,25.738990817387737,3.624282416251166,110.27439405284056
2,59.02911590282617,1.6358379300985786,190.15391631796368
10,48.589617233451875,3.9205404367679524,15.74684246690752
8,23.846934400488756,4.43289963223323,0.09487488371314175
4,46.01244475119002,4.00099789734494,152.08862620141537
1,59.89877943954528,1.8747460659273205,134.9316951058786
1,47.6052433569714,3.147030901015606,88.19551861613324
9,49.9496142803341,1.9703307015267617,132.71730871405134
3,59.65896855398978,4.603186682812593,105.02326925909767
8,34.01857772902926,2.885422970108608,47.280944183929726
5,52.12655767023377,7.044811504414827,26.328981711352263
1,55.289731038929546,2.0261920267517306,242.86031760377182
9,36.59807866918507,2.661998071576217,71.36248053452779
1,28.667505121001305,7.369750100339261,160.19880417117756
2,54.22339261172403,9.125856520769913,65.3957882032225
6,27.099024299252207,3.283328933509179,76.07524875494812
10,20.955974271790836,8.603439387890353,0.0
6,35.39694278289893,3.9179474775890193,76.5315104189751
3,50.453349572987534,9.75571165410512,86.95044045388279
4,31.887686858746672,9.523981657125702,7.482358121904107
10,31.47094815973216,6.489433921665295,0.0
10,37.0762162264458,1.241131072734539,149.19453946835947
9,47.917503423405314,4.805154355740079,16.77483125296966
4,46.26336441914931,4.416665337035267,135.12234574344615
6,24.305649729325488,1.8599438466401614,79.39454782725848
3,29.549764341958564,2.274013972939938,198.41960687105484
4,25.193062506411966,3.2248154681567103,96.05065304271699
3,59.23954682344239,9.674798724781379,126.22347667121258
5,23.235358378820447,3.611729550197598,37.46045364831226
10,25.20599579829627,9.239030807189321,0.0
9,47.64310064406513,3.104261329509239,40.69014888232047
8,47.85275335455342,6.438136805263478,0.31017442326327505
4,56.50601186247397,9.728960353750047,77.96206211236812
10,29.561241977718783,9.273939998256791,0.0
7,31.351427687425705,9.097984718906117,0.0
6,51.93911586875489,5.95985151709114,42.59815832969542
3,42.79862487684863,8.271109477135994,69.36768581433839
8,21.139537061971474,1.0661575776812562,125.81932509453863
1,28.52819035329611,7.529998896221002,154.2408939752507
7,30.459390087100424,7.664533059871468,0.5006146436290138
5,51.12977364217875,5.066689894713814,122.64903165510128
4,49.399238068434805,2.7739768098704527,131.5233431488636
3,22.00693802195397,5.800691147517625,54.03513802690392
9,34.79186778944724,8.351269541711256,0.0
2,30.48313805521428,6.949339568905949,83.00715704860103
5,29.306771923324803,6.1904458842103915,12.523755912479457
1,47.62699987239322,4.103285282610392,185.90335986655487
5,48.38648550896393,5.546308481702249,91.53756718607454
8,27.791516752220076,5.44003434946827,9.036726589741864
6,22.49153213493957,2.3417964677472494,63.28147479156774
9,45.98644811364099,1.5834638437428574,145.82356807883454
8,35.41609656540314,7.249965989233265,0.0
5,55.81401119271901,3.7169619952475976,155.4676410767625
4,55.15722926572145,7.9028272843197165,146.77857306030577
3,59.70029117634529,8.76849439938956,168.22156011237414
5,51.54037301255852,9.334500123138953,77.10746206151826
2,34.81501346036595,3.698536414448786,200.47447246640738
7,38.53698504954281,7.980087940745167,0.0
5,27.982435976192725,8.098337392439907,3.6013474230150235
9,40.240522878985146,2.7627007518924422,68.92597735705104
5,55.569665048084225,8.063380146895017,34.94813195733157
9,21.369645390620654,7.119821624787243,0.0
10,49.557234401657695,7.242043192574258,0.017557792229997565
10,43.261387242558186,6.885394685264252,3.381602767392041
1,24.703687803705805,9.580717586280397,137.5512628516635
3,32.676548130246566,1.8769931389466437,167.46615018020793
5,40.674902554186296,2.0970946435296267,143.51410893863502
7,46.797112692190794,8.301346212506939,6.68963757395791
3,56.387110050056535,5.19863100787385,140.00159501262053
1,52.730317770656,8.025950208193883,130.64204914188505
6,54.42839058075285,2.1690303282096703,154.52956015213618
7,33.884344754649476,6.572118175358664,5.734773638609557
1,55.82608188379022,1.8750950551177399,200.09136089505313
8,23.300183082774318,6.959991010845288,0.0
6,51.59122738306232,7.268271165519813,21.177394906455508
1,23.826312634008726,2.9830609204544625,215.61216654633702
1,52.53623247095382,7.200771115967073,154.21744162606186
9,55.534777811537225,8.555810796167556,8.589463057886437
9,45.74481481105954,4.942988678322292,18.73133933714041
6,44.45573629702747,3.8942522807316275,71.43455741623549
4,59.90749006037908,5.599293721763212,127.81667867716085
10,22.214371095331423,7.9217604412273435,0.0
5,49.5405666241215,5.113457229981982,96.23573153832014
2,31.034301859192347,8.796630133963735,136.03529948727515
5,26.294718325541844,7.94985947572997,0.7046916073817816
10,36.51987935203152,9.906018047998097,0.0
5,33.85616579621899,7.994231785480504,7.67661352264823
4,53.15217392520349,9.520169881902243,112.67163959071787
7,51.92922347494827,8.663408672289272,11.657148655376636
4,33.75853474947247,6.060211533412446,39.19708103825556
10,41.63900480017162,4.67887460960562,1.2634180361315235
1,32.91051649665302,2.6754881035357876,274.17256843265824
5,25.922806953222764,4.035594403327167,18.860557599374857
4,30.275701951208625,9.112029895221127,24.985876930160536
8,25.726977585089855,6.9950003793839715,0.0
5,31.15052154254366,1.0074639037523432,202.8259088341356
1,41.98641940013141,9.155908387376178,149.25558240877228
7,22.45107068531841,2.1676983523928324,66.49962085942276
4,49.02749712216102,4.122201064088154,134.8805697820465
5,34.6375215919537,2.4682329963666643,114.01018447131452
10,32.84812891839581,7.754265815487917,0.0
5,29.479671781701416,6.885768878622442,33.81755157609252
3,43.00291549408458,3.2192324487109363,129.60983857005303
1,58.511233196436955,7.949102451094506,188.27174841917088
3,54.12990672764768,3.8317048487599195,191.1041332131836
5,22.239061906731898,7.336200473395733,1.0730265746105057
2,41.15090963461896,2.4065699612828335,168.61011193205871
7,31.88513962911547,9.141043297681103,0.10282392826929115
9,43.168508419661805,5.264825829077376,37.95102266536037
7,46.42282594034242,6.700274449991653,23.317786859726787
3,58.77311220917373,2.9426176577163945,174.31180104725277
1,29.573245914970258,6.089524138423367,159.2077967966056
2,22.01465164221158,8.062601740353934,77.06705169785336
6,47.11751810828334,3.4515992408616833,129.3153561949707
5,24.830554475486466,9.398562052611904,0.8846386697423374
10,51.183142390724086,4.291991432608866,2.086006612929011
10,38.659370718896575,8.668884680461137,0.0
3,47.84459119736437,3.2470435777939075,170.28948413504173
6,20.649148498353355,3.776906307505822,27.35870542166465
1,48.814974040175606,7.456125774383016,154.85570801061672
10,50.91981311482489,2.3186074424348915,112.83283573789319
1,43.40797470624054,1.7454635831409506,238.76814584903832
3,32.41753180799516,5.227664091115702,121.33729934611095
7,29.77980431908464,9.67017244875614,0.16499547431794648
4,51.919485503397205,2.4115180951821973,171.3722604990932
5,40.03532494020257,6.580174615564028,19.276924620018335
9,24.80775256136475,3.29106327766834,2.9940319467328265
7,53.63646826290707,9.520408235103211,7.785929269885299
7,47.473907835317334,6.69660261111114,41.76306680732773
10,51.34261254808194,9.204945310169569,1.2877135752016777
4,42.11020344926605,9.306481158630158,13.60594318238341
10,54.711031286862955,5.7743845171164745,17.134328344254623
8,55.5052746283013,2.797302315378431,125.80107995578
9,30.06284333968369,8.50619656676032,0.0
5,23.536038258028817,1.0147873087448573,163.40335566617688
7,31.64312567877166,5.004875973509872,33.51373339470536
10,48.99455568845019,9.77213436819079,0.0
5,25.104337639864774,4.999313033913361,18.53267789314943
7,23.004670259487856,7.7279560969390815,1.465795183675711
2,45.84982708482519,4.469737272989672,122.21646726469231
6,50.83168727220668,2.4555210792270437,130.4362090430103
5,46.18727797828477,1.7392799440221318,174.89808050549613
5,28.300339692637188,6.777647681146962,5.17091079266309
3,47.05346153247561,7.259064294482364,75.22673395262547
3,57.93292007851037,9.735299358932812,142.1365993066512
5,20.833802903326813,4.514553266759877,10.632681076279352
3,47.11636505652433,2.204851108858276,197.56657891156857
3,44.06452680133083,6.514320721725844,147.8381707760244
9,22.040163183558462,7.61375433701096,0.0
6,54.998887391396856,5.195813695117042,63.410907932062585
6,49.083066777081804,4.821447210361597,67.46489159958654
6,55.23992619588209,6.1365839262016975,32.62210000749148
4,37.58689806511157,1.6113571442278456,170.9146282916688
6,50.96483817535727,1.607138255865362,188.32882755631954
5,43.79525169482091,2.2346856114316322,203.32411868881428
7,29.372764866061324,7.7285184746832485,1.7246888718682543
10,33.7072958185326,2.4841510896552568,78.2372555641202
8,59.58832586256042,2.4284803740065115,144.21732577219726
3,20.01870981331614,8.957316956897161,3.276257882387786
3,21.831012245065615,6.571855966032233,53.824485676328834
3,45.01084770937513,8.0371199494418,151.1704714656245
2,37.4390876488677,8.036455664688546,125.09057730887251
7,20.94257749566922,5.888230902023904,0.0
2,50.39120643192905,2.2135304290746305,173.10220467636174
2,41.009450051541,4.012434409311518,179.18579458931723
3,34.09094846859922,9.353221112623839,21.571479883550673
2,37.498095661046776,8.09060179036852,120.36695564555137
9,55.88976118581282,2.86531176684543,94.77931379793006
9,56.54047751944658,4.509704996362111,21.324459296908458
4,53.927200721598496,2.209540021387626,189.40321151399968
1,58.591342729495246,3.933419198305621,234.66904644816742
5,23.144947380325945,5.05547951022519,8.906337805521403
7,36.49682828481522,8.428505942516335,0.6673645827454981
1,24.519406264868564,1.5137974981827633,209.80626147418855
6,43.45506645627623,3.9850797670068077,45.3379532217175
7,31.558092867496796,7.166285910149856,0.0
4,38.147657764083945,5.962439790762545,74.78275563598474
4,21.641970890586887,9.540443353990444,0.16357721723981059
10,57.087248398350084,2.3016064886628307,111.81938592053316
1,54.928929144559916,1.9126096718521766,185.04488449228876
2,43.03626309382519,6.688530736280045,96.69870181269337
5,55.83702399527696,4.390634945147223,112.44953738694474
4,36.879541822202555,1.0662192197777025,207.82896415995967
4,39.17940561655834,9.413848784616425,30.214552772080555
5,27.277609716066188,5.9843797592203725,6.679888801419712
1,26.435833743570257,5.589532300768587,247.60247733645684
6,53.05761987686707,3.7634538274694087,133.7498243703684
5,57.54595392607865,9.907600632260161,63.864507351515236
8,39.971071320689305,8.807207293544984,0.0
9,40.94746105949027,4.688389607162064,28.292182367321583
3,25.825640819382553,6.255170753545461,77.83671109470126
5,50.74044049823044,6.900699111360035,58.197417346787205
9,34.607369393330735,9.340307644701138,3.2057894887188154
7,35.36923764661336,2.6909253647150386,96.46343436264011
7,42.3660312536545,5.416776492581382,44.62081413447623
7,22.443478015209838,8.518926895761897,0.8659183329924591
7,36.15540250012817,2.0747918333639634,115.97947490733858
1,37.331862523954854,5.542600318242168,258.7746577563326
10,55.40973262888599,3.7579578353043517,21.77201203752287
5,57.31770387711249,2.2502064257319225,138.76052282885738
1,35.44972069979324,6.0670687203891704,238.65978407830931
8,47.65831658297911,6.755680972275722,24.12047995560996
10,20.295451119545504,5.506304848475201,0.0
8,48.18372201064027,5.844907710262491,27.55093625363502
9,48.461155245951545,1.0548836571016293,166.87478807234157
10,45.89805325191816,8.582988149579837,0.0
3,55.201865540298,4.3045351936855685,109.15235791489809
1,49.26938663560932,7.257543353722438,184.6036243427795
6,47.674780898604496,6.56237633604512,13.665070103515013
1,34.25901260302042,2.9628183494486566,138.51482032368403
9,51.45889769789684,1.2989826818806387,157.3801272473924
5,29.11775824439852,9.102604300204511,0.6957346044052904
2,52.62343108464465,1.8154088888696633,238.7397683489753
3,53.8550055438644,5.561006324344611,173.68997095947327
7,21.90999368211648,7.900164333790948,0.0192266204229758
2,53.61529872623508,6.542948888339127,155.4598605483935
2,48.81603142392857,2.2773156478676624,215.62247421794874
9,45.994163324193735,4.641479910219132,30.011966963161285
9,42.07751609423035,6.542979290473205,4.079959141145694
4,54.483816611040865,6.631706928177111,115.05366381794944
8,54.12291231871326,1.1411612352431462,158.27095069080562
6,57.656035894058896,5.098498332778265,70.16234377212889
4,55.563193003565075,3.833229696257248,149.1010015312473
8,39.22414556686292,5.030835590202154,1.1019174208444305
3,21.630958802457634,5.8782890749947025,53.038546474702265
9,47.4736478592985,5.105660065437653,0.8963533818220238
1,51.23063784651035,1.5605466678713542,221.3229952893812
2,42.12015845272741,2.133438099867803,205.79212373089692
1,22.952055086611534,1.44560096555184,240.91822348838807
4,34.22935353242504,8.878808744960635,11.661294631846074
10,28.43884194167005,6.514148494164272,0.0
10,51.91811125229263,1.3020426593050156,156.2617868235796
4,35.37919283662579,3.895436137704961,102.73298612145244
9,34.80101133893608,4.651145499421412,14.616890453016426
9,21.960520801998996,3.7430952715023267,0.16606970337875784
2,56.95688376123832,7.993649849771513,158.41868858208042
2,53.18291618976626,8.916426687568249,149.9056801021814
6,56.68815878328655,7.247045060441952,48.22250998450006
8,23.383440938625057,9.012659870824212,0.06878064257869618
1,38.86068435083985,9.548736146154603,150.75015099330642
7,46.03213916676381,8.101291029598318,0.2144308641199211
6,26.212320147373983,7.59981267148705,0.33802398428610914
3,29.016084061279713,4.615815563109168,104.50884294288029
4,42.86582487285672,9.54274798040276,40.645211413153625
8,35.104001749990715,6.2303450365012445,0.01368962505773228
5,56.29043141622701,8.125632867653312,68.03623289589079
4,20.436238234977285,4.694134592369351,39.187808987136634
6,26.4746272271414,4.370788911928138,4.936671818980263
10,28.47510770675624,9.552885790922014,0.0
6,43.31891657179104,3.952896542900359,31.680804548841543
4,57.321786903847574,6.351974967281058,120.41746867604913
5,55.03687112591244,5.874286893970995,115.54977292592005
8,49.90229311049651,4.603652363750883,64.63299321883032
1,41.507229385642994,1.3366883649003378,246.07706249470257
9,50.49168760687895,9.833073499499985,0.07281457298685559
4,55.91633056402618,1.3918522421941875,193.10594239317766
5,52.15961885506483,5.195693896592959,144.22823493829705
3,58.35753307579385,3.559246755298527,175.49217536833154
9,56.42160386581628,6.292883416150345,0.8700485941512915
3,25.562269201430418,1.765151658981295,178.19412498179992
10,21.183469438320138,2.3383769569807376,2.3643220802605343
6,31.644307652972984,5.882123265772486,9.807178264745225
3,40.16377031452322,7.819199567587382,55.53217167853364
10,25.70948244723695,2.83896679382354,1.7384645859203944
8,38.29536972726952,7.1494275036337305,0.0
5,25.750906447142555,8.565471153967835,0.6330091255836773
5,44.64155119716497,3.516650291659525,136.74899611928572
2,29.650848714146324,9.486901914892979,122.67325039634858
9,26.175606691810195,2.7973050639958665,16.653368837251307
3,29.563332609366167,8.433354484982502,32.25143120877696
2,55.465292624525084,5.900107163863177,148.4751675925586
8,40.16388244903823,3.40221095829266,11.60131737166396
10,39.23540273380412,8.863209026439488,0.019502715990606136
10,37.088117415198376,9.891808270769502,0.0
10,25.69917143890496,5.221838180655352,0.0
10,27.067309760682072,5.49994501003926,0.0
5,51.37906230745754,2.4566420423471187,129.23435482339477
4,54.062556839146914,3.534540749572049,137.90600993750476
9,56.597300911764236,4.765665599230545,96.58130352411743
10,40.240063752943534,7.191878217509766,1.719282743629802
4,38.81485642380196,9.86804115567684,32.19212862001321
5,34.00122131385142,4.6669436145138485,83.61265666057625
8,48.34250859086567,9.232418969896258,0.3531202423340132
5,28.12524372943912,8.905416688281615,0.6957436992774573
6,42.04490624782826,3.8464117866784995,74.5374726271012
3,52.710510583407924,5.213575901791438,155.66505508625025
7,40.73819972760938,5.754599233573838,30.58669446981205
2,23.17912181881175,1.5135978194973179,213.50863815794753
8,28.79135847117857,4.414386760587962,13.43077740989773
3,29.84430503242323,8.82160000309753,31.75384042696235
4,21.815351582065148,6.984308187008417,2.1383913071316067
3,23.094899927195478,5.80288130164699,74.2006079119487
5,25.531260612210698,5.5737436894996275,8.849242580304571
7,28.172249468491323,3.9395035976867314,31.24173427243065
4,58.42838834943163,6.237736366097754,84.40504928291354
3,44.54384040862646,3.3422768370955596,152.00832321763448
3,27.679137221172205,8.608697250789739,21.560950666417394
9,31.490842580274535,7.583644110095458,0.0
7,25.793106256921924,3.4997759561456414,19.779467300180503
10,26.19781622432129,6.801012687289903,0.0
10,25.5069175318689,7.038739578508191,0.0
7,55.240702351345924,1.9526764317743122,129.11195273280808
1,22.410886240131394,3.775281700445781,178.98874686439078
4,27.939990584811017,9.455827473444078,2.3841774695245985
10,36.360828337263435,9.131099189595204,0.0
10,40.99873976139987,2.4996120504315598,64.27221929699705
6,42.03967963655247,4.5307507565995575,74.64882697348897
5,59.907274513892425,4.533519156460527,91.73967462600213
1,45.02366156740365,5.677144879974621,179.3395002914251
9,41.03340127679142,8.020279902234584,0.1617928981193325
7,48.86554600999919,6.31712205057928,5.416152098584031
6,54.49009700523448,6.034229764980818,48.375349066317895
5,45.64262948040924,5.5334575112324496,77.11872553749613
5,56.55033876230848,4.733002099171897,146.05047776778957
9,31.432770771358904,9.020217473653958,0.6173140106791634
8,58.48617621896015,3.3748398984982595,41.269912203582386
8,38.09441831550308,3.206678408167519,20.792087152156885
8,21.012835315125677,2.699245544034929,14.33716578329869
2,33.19420881482781,5.336988327201373,118.7914480923201
6,55.01288677265037,6.038556937771859,62.42409111162361
6,30.229523648277468,7.222182014632445,0.07226244176495047
